Index,Ingredient Name,Graphic Setup,[PTR] Sprite Info,[PTR] Sprite,[PTR] Ingredient Name
0,"Cire",0x6F03EAFE,0x0140,0xCC4EE3,0xC41271
1,"Eau",0x24A42B84,0x013E,0xCC4EDC,0xC4125F
2,"Vinaigre",0xF42C71F2,0x013C,0xCC4ED5,0xC4127E
3,"Racine",0xBDAD0DDE,0x013A,0xCC4ECE,0xC41258
4,"Huile",0x80CEEE70,0x0138,0xCC4EC7,0xC412E1
5,"Champignon",0x439E2DE2,0x0136,0xCC4EC0,0xC412B7
6,"Poivron",0x528401F0,0x0134,0xCC4EB9,0xC41250
7,"M�t�orite",0xCEE11F64,0x0132,0xCC4EB2,0xC412D1
8,"Calcaire",0xCDED8404,0x0130,0xCC4EAB,0xC4128A
9,"Fer",0x03FC74DC,0x012E,0xCC4EA4,0xC412A7
10,"Poudre",0x19E0D114,0x012A,0xCC4E96,0xC412C2
11,"Graisse",0xED3E46C0,0x0128,0xCC4E8F,0xC412C9
12,"Plume",0x841B040C,0x0126,0xCC4E88,0xC412B1
13,"Alcool",0xFF67AF1E,0x0124,0xCC4E81,0xC41299
14,"Glace",0x1D843EE1,0x0122,0xCC4E7A,0xC412DB
15,"Cristal",0xE20D6FE1,0x0120,0xCC4E73,0xC41276
16,"Argile",0x1FFF9C02,0x011E,0xCC4E6C,0xC41263
17,"Soufre",0x10CFBA32,0x011C,0xCC4E65,0xC412A0
18,"Os",0x67C18B80,0x011A,0xCC4E5E,0xC41287
19,"Atlas",0x0E72C184,0x012C,0xCC4E9D,0xC41293
20,"Cendre",0xAF2D603A,0x0118,0xCC4E57,0xC4126A
21,"Gland",0x540B8C1F,0x0142,0xCC4EEA,0xC412AB
